{
    "step": 15,
    "eval_loss": 0.37968987226486206,
    "eval_accuracy": 0.875,
    "eval_runtime": 0.0371,
    "eval_samples_per_second": 431.405,
    "eval_steps_per_second": 26.963,
    "epoch": 15.0,
    "train_runtime": 43.8488,
    "train_samples_per_second": 49.26,
    "train_steps_per_second": 6.158,
    "train_loss": 0.42779054994936344
}