{
    "step": 10,
    "eval_loss": 0.6800448894500732,
    "eval_accuracy": 0.75,
    "eval_runtime": 0.0319,
    "eval_samples_per_second": 500.805,
    "eval_steps_per_second": 31.3,
    "epoch": 10.0,
    "train_runtime": 24.1306,
    "train_samples_per_second": 59.675,
    "train_steps_per_second": 7.459,
    "train_loss": 0.5704114278157552
}